﻿<?xml version="1.0" encoding="UTF-8"?>
<ImportCommands Internal_Version="V1.3.0.0">
  <ProjectInformation Mode="Open" Name="Yj001_170713_Test_V1_98T" Path="C:\PROGRAM FILES (X86)\SIEMENS\STEP7\S7PROJ\YJ001__6\YJ001_17.S7P">
    <DeviceInformation Configuration="Done" ExternalTypeName="SIMOTION_D425" Mode="Open" Name="D435" Type="SIMOTION" PTempl="False">
      <Saved_IP_OF_Device_for_PING IPAddress="192.168.9.84" />
      <ImportUnit Name="pGlobalBufferManager" ObjectAddress="-1" Path="SIMOTION\EquipmentModules\V4_4\DPV1Library_LDPV1\Data\Units\pGlobalBufferManager.xml" Replace="True" Type="XML">
        <Set_Program Position="First" ProgramName="pGlobalBufferManager" TargetTask="BackgroundTask" />
      </ImportUnit>
      <ImportUnit Name="pLMsgHdl" ObjectAddress="-1" Path="SIMOTION\EquipmentModules\V4_4\Messagehandling_LMsgHdl\Data\Units\pLMsgHdl.XML" Replace="False" Type="XML">
        <RestoreDefines />
        <Set_Program Position="FIRST" ProgramName="pLMsgHdlStartupMessagehandling" TargetTask="StartupTask" />
        <Set_Program Position="" ProgramName="pLMsgHdlMain" TargetTask="BackgroundTask" />
        <Set_Program Position="" ProgramName="pLMsgHdlTimeFaultMessage" TargetTask="TimeFaultTask" />
        <Set_Program Position="" ProgramName="pLMsgHdlTimeFaultBackgroundMessage" TargetTask="TimeFaultBackgroundTask" />
        <Set_Program Position="" ProgramName="pLMsgHdlTechnologicalMessage" TargetTask="TechnologicalFaultTask" />
        <Set_Program Position="" ProgramName="pLMsgHdlPeripheralMessage" TargetTask="PeripheralFaultTask" />
        <Set_Program Position="" ProgramName="pLMsgHdlExecutionFaultMessage" TargetTask="ExecutionFaultTask" />
      </ImportUnit>
      <ImportUnit Name="fLMsgHdlInit" ObjectAddress="-1" Path="SIMOTION\EquipmentModules\V4_4\Messagehandling_LMsgHdl\Data\Units\fLMsgHdlInit.XML" Replace="True" Type="XML">
        <RestoreDefines />
        <Taskinformation EndLabel="** end label task info **" FileTempl="SIMOTION\EquipmentModules\V4_4\Messagehandling_LMsgHdl\Data\Templates\TaskInfoblock.st" NameTaskLabel="TaskName" StartLabel="** start label task info **" />
        <RestoreArea EndLabel="** end label rescue area **" StartLabel="** start label rescue area **" />
        <RestoreArea EndLabel="** end label rescue area 1**" StartLabel="** start label rescue area 1**" />
        <DeviceAndSlaveInformation AdditionObjects="SIMOTION\EquipmentModules\V4_4\Messagehandling_LMsgHdl\Data\Templates\TONameAdditionObject.st" Axes="SIMOTION\EquipmentModules\V4_4\Messagehandling_LMsgHdl\Data\Templates\TONameAxis.st" Cams="SIMOTION\EquipmentModules\V4_4\Messagehandling_LMsgHdl\Data\Templates\TONameCam.st" CamTracks="SIMOTION\EquipmentModules\V4_4\Messagehandling_LMsgHdl\Data\Templates\TONameCamTrack.st" Controllers="SIMOTION\EquipmentModules\V4_4\Messagehandling_LMsgHdl\Data\Templates\TONameControllerObject.st" CyclicDOs="SIMOTION\EquipmentModules\V4_4\Messagehandling_LMsgHdl\Data\Templates\DOWithCyclicStandTel.st" EndLabel="** end label project info **" ExternalEncoders="SIMOTION\EquipmentModules\V4_4\Messagehandling_LMsgHdl\Data\Templates\TONameExternalEncoder.st" FixedGears="SIMOTION\EquipmentModules\V4_4\Messagehandling_LMsgHdl\Data\Templates\TONameFixedGear.st" FOO="SIMOTION\EquipmentModules\V4_4\Messagehandling_LMsgHdl\Data\Templates\TONameFOO.st" Formulas="SIMOTION\EquipmentModules\V4_4\Messagehandling_LMsgHdl\Data\Templates\TONameFormulaObject.st" Measuresswitches="SIMOTION\EquipmentModules\V4_4\Messagehandling_LMsgHdl\Data\Templates\TONameMeasuringInput.st" NonCyclicDOs="SIMOTION\EquipmentModules\V4_4\Messagehandling_LMsgHdl\Data\Templates\DOWithNonCyclicStandTel.st" OutputCams="SIMOTION\EquipmentModules\V4_4\Messagehandling_LMsgHdl\Data\Templates\TONameOutputCam.st" PathObjects="SIMOTION\EquipmentModules\V4_4\Messagehandling_LMsgHdl\Data\Templates\TONamePathObject.st" Peripherals="SIMOTION\EquipmentModules\V4_4\Messagehandling_LMsgHdl\Data\Templates\PeripheralDeviceInfo.st" Sensors="SIMOTION\EquipmentModules\V4_4\Messagehandling_LMsgHdl\Data\Templates\TONameSensorObject.st" StartLabel="** start label project info **" TemperatureControllers="SIMOTION\EquipmentModules\V4_4\Messagehandling_LMsgHdl\Data\Templates\TONameTemperature.st" />
        <DeviceAndSlaveInformation DOsWithCyclicStandTelIO="SIMOTION\EquipmentModules\V4_4\Messagehandling_LMsgHdl\Data\Templates\DOWithCyclicStandTelIO.st" EndLabel="** end label copy io **" StartLabel="** start label copy io **" />
        <Constant AllowZeroValue="" Name="LMSGHDL_SCRIPT_COUNTER" Unit="" Value="__CALL_INCREMENT_VALUE" />
      </ImportUnit>
      <ImportUnit Name="fLMsgHdl" ObjectAddress="-1" Path="SIMOTION\EquipmentModules\V4_4\Messagehandling_LMsgHdl\Data\Units\fLMsgHdl.XML" Replace="False" Type="XML">
        <RestoreDefines />
      </ImportUnit>
      <ImportUnit Name="dLMsgHdl" ObjectAddress="-1" Path="SIMOTION\EquipmentModules\V4_4\Messagehandling_LMsgHdl\Data\Units\dLMsgHdl.XML" Replace="False" Type="XML" />
      <DeleteUnitDefine Library="" Unit="fLMsgHdlInit">
        <Define Name="LMSGHDL_TP_CAM" />
        <Define Name="LMSGHDL_TP_PATH" />
        <Define Name="LMSGHDL_TP_CAM_EXT" />
        <Define Name="LMSGHDL_TP_TCONTROL" />
        <Define Name="LMSGHDL_NO_DO_MESSAGES" />
        <Define Name="LMSGHDL_NO_TIME_SYNC" />
        <Define Name="LMSGHDL_NO_STRING_MESSAGES" />
        <Define Name="LMSGHDL_NO_IT_DIAG_HMI" />
      </DeleteUnitDefine>
      <DeleteUnitDefine Library="" Unit="pLMsgHdl">
        <Define Name="LMSGHDL_TP_CAM" />
        <Define Name="LMSGHDL_TP_PATH" />
        <Define Name="LMSGHDL_TP_CAM_EXT" />
        <Define Name="LMSGHDL_TP_TCONTROL" />
        <Define Name="LMSGHDL_NO_DO_MESSAGES" />
        <Define Name="LMSGHDL_NO_TIME_SYNC" />
        <Define Name="LMSGHDL_NO_STRING_MESSAGES" />
        <Define Name="LMSGHDL_NO_IT_DIAG_HMI" />
      </DeleteUnitDefine>
      <DeleteUnitDefine Library="" Unit="fLMsgHdl">
        <Define Name="LMSGHDL_TP_CAM" />
        <Define Name="LMSGHDL_TP_PATH" />
        <Define Name="LMSGHDL_TP_CAM_EXT" />
        <Define Name="LMSGHDL_TP_TCONTROL" />
        <Define Name="LMSGHDL_NO_DO_MESSAGES" />
        <Define Name="LMSGHDL_NO_TIME_SYNC" />
        <Define Name="LMSGHDL_NO_STRING_MESSAGES" />
        <Define Name="LMSGHDL_NO_IT_DIAG_HMI" />
      </DeleteUnitDefine>
      <SetAutoTPUnitDefine Library="" TPCAM="LMSGHDL_TP_CAM" TPCAMEXT="LMSGHDL_TP_CAM_EXT" TPPATH="LMSGHDL_TP_PATH" TPTCONTROL="LMSGHDL_TP_TCONTROL" Unit="fLMsgHdlInit" />
      <SetAutoTPUnitDefine Library="" TPCAM="LMSGHDL_TP_CAM" TPCAMEXT="LMSGHDL_TP_CAM_EXT" TPPATH="LMSGHDL_TP_PATH" TPTCONTROL="LMSGHDL_TP_TCONTROL" Unit="dLMsgHdl" />
      <SetAutoTPUnitDefine Library="" TPCAM="LMSGHDL_TP_CAM" TPCAMEXT="LMSGHDL_TP_CAM_EXT" TPPATH="LMSGHDL_TP_PATH" TPTCONTROL="LMSGHDL_TP_TCONTROL" Unit="fLMsgHdl" />
      <SetAutoTPUnitDefine Library="" TPCAM="LMSGHDL_TP_CAM" TPCAMEXT="LMSGHDL_TP_CAM_EXT" TPPATH="LMSGHDL_TP_PATH" TPTCONTROL="LMSGHDL_TP_TCONTROL" Unit="pLMsgHdl" />
      <Set_Task_Config Property="ProgramErrorMode" TargetTask="All" Value="FAULT_TASK" />
      <Set_Task_Config Property="TimeOutErrorMode" TargetTask="Backgroundtask" Value="FAULT_TASK" />
      <Set_Task_Config Property="TimeOutErrorMode" TargetTask="TimerInterruptTask_1" Value="FAULT_TASK" />
      <Set_Task_Config Property="TimeOutErrorMode" TargetTask="TimerInterruptTask_2" Value="FAULT_TASK" />
      <Set_Task_Config Property="TimeOutErrorMode" TargetTask="TimerInterruptTask_3" Value="FAULT_TASK" />
      <Set_Task_Config Property="TimeOutErrorMode" TargetTask="TimerInterruptTask_4" Value="FAULT_TASK" />
      <Set_Task_Config Property="TimeOutErrorMode" TargetTask="TimerInterruptTask_5" Value="FAULT_TASK" />
      <ImportUnit Name="pStartupCheck" ObjectAddress="-1" Path="SIMOTION\EquipmentModules\V4_4\StartupCheck\Data\Units\pStartupCheck.xml" Replace="True" Type="XML">
        <RestoreDefines />
        <SetUsepackage />
        <Constant AllowZeroValue="" Name="STARTUPCHECK_NUMBER_OF_AXES" Unit="" Value="__CALL_MAXNUMBER_OF_AXES_IN_DEVICE" />
        <Constant AllowZeroValue="" Name="STARTUPCHECK_NUMBER_OF_EXTERNAL_ENCODERS" Unit="" Value="__CALL_MAXNUMBER_OF_EXTERNALENCODERS_IN_DEVICE" />
        <Constant AllowZeroValue="" Name="STARTUPCHECK_NUMBER_OF_PERIPHERAL_DEVICES" Unit="" Value="__CALL_MAXNUMBER_OF_PERIPHERAL_DEVICES_IN_DEVICE" />
        <DeviceAndSlaveInformation Axes="SIMOTION\EquipmentModules\V4_4\StartupCheck\Data\Templates\TONameAxis.st" EndLabel="** end label project info **" ExternalEncoders="SIMOTION\EquipmentModules\V4_4\StartupCheck\Data\Templates\TONameExternalEncoder.st" Peripherals="SIMOTION\EquipmentModules\V4_4\StartupCheck\Data\Templates\PeripheralDeviceInfo.st" StartLabel="** start label project info **" />
        <Set_Program Position="First" ProgramName="pStartupCheck" TargetTask="BackgroundTask" />
      </ImportUnit>
    </DeviceInformation>
    <ImportScript Destination="" Device="" ForceImport="True" ImportType="Auto" Mode="txt" Name="AxisSimulationOnOff" Path="SIMOTION\Scripts\V4_4\AxisSimulationOnOff.txt" Replace="False" />
    <ImportScript Destination="" Device="" ForceImport="True" ImportType="Auto" Mode="txt" Name="DialogLibrary" Path="SIMOTION\Scripts\V4_4\DialogLibrary.txt" Replace="False" />
    <ImportScript Destination="" Device="" ForceImport="True" ImportType="Auto" Mode="txt" Name="ReportMeasuringInputsOutputCams" Path="SIMOTION\Scripts\V4_4\ReportMeasuringInputsOutputCams.txt" Replace="False" />
    <ImportScript Destination="" Device="" ForceImport="True" ImportType="Auto" Mode="txt" Name="ReportPOEs" Path="SIMOTION\Scripts\V4_4\ReportPOEs.txt" Replace="False" />
    <ImportScript Destination="" Device="" ForceImport="True" ImportType="Auto" Mode="txt" Name="ReportTasks" Path="SIMOTION\Scripts\V4_4\ReportTasks.txt" Replace="False" />
    <ImportScript Destination="" Device="" ForceImport="True" ImportType="Auto" Mode="txt" Name="ReportTOs" Path="SIMOTION\Scripts\V4_4\ReportTOs.txt" Replace="False" />
    <ImportScript Destination="" Device="" ForceImport="True" ImportType="Auto" Mode="txt" Name="ReportUnits" Path="SIMOTION\Scripts\V4_4\ReportUnits.txt" Replace="False" />
    <ImportScript Destination="" Device="" ForceImport="True" ImportType="Auto" Mode="txt" Name="SortingLibrary" Path="SIMOTION\Scripts\V4_4\SortingLibrary.txt" Replace="False" />
    <ImportLib Name="LDPV1" Path="SIMOTION\EquipmentModules\V4_4\DPV1Library_LDPV1\Data\Libraries\LDPV1.xml" Replace="False">
      <RestoreConstants Unit="cPublic" />
      <RestoreDefines Unit="cPublic" />
    </ImportLib>
    <ImportLib Name="LMsgHdl" Path="SIMOTION\EquipmentModules\V4_4\Messagehandling_LMsgHdl\Data\Libraries\LMsgHdl.xml" Replace="False">
      <RestoreConstants Unit="cPublic" />
      <RestoreDefines Unit="cProtected" />
      <RestoreDefines Unit="cPublic" />
      <RestoreDefines Unit="dProtected" />
      <RestoreDefines Unit="dStringGlob" />
      <RestoreDefines Unit="fMsgGlob" />
      <RestoreDefines Unit="fMsgHdl" />
      <RestoreDefines Unit="fSysTasks" />
      <Constant AllowZeroValue="" Name="LMSGHDL_LANGUAGE_FOR_MESSAGE_STRING" Unit="cPublic" Value="9" />
      <RestoreArea EndLabel="** end label rescue area **" StartLabel="** start label rescue area **" Unit="cPublic" />
      <Constant AllowZeroValue="" Name="LMSGHDL_NUMBER_OF_AXES" Unit="cPublic" Value="__CALL_MAXNUMBER_OF_AXES" />
      <Constant AllowZeroValue="" Name="LMSGHDL_NUMBER_OF_CAMS" Unit="cPublic" Value="__CALL_MAXNUMBER_OF_CAMS" />
      <Constant AllowZeroValue="" Name="LMSGHDL_NUMBER_OF_CAM_TRACKS" Unit="cPublic" Value="__CALL_MAXNUMBER_OF_OUTPUTCAMTRACKS" />
      <Constant AllowZeroValue="" Name="LMSGHDL_NUMBER_OF_CONTROLLER_OBJECTS" Unit="cPublic" Value="__CALL_MAXNUMBER_OF_CONTROLLERS" />
      <Constant AllowZeroValue="" Name="LMSGHDL_NUMBER_OF_EXTERNAL_ENCODERS" Unit="cPublic" Value="__CALL_MAXNUMBER_OF_EXTERNALENCODERS" />
      <Constant AllowZeroValue="" Name="LMSGHDL_NUMBER_OF_FIXED_GEARS" Unit="cPublic" Value="__CALL_MAXNUMBER_OF_FIXEDGEARS" />
      <Constant AllowZeroValue="" Name="LMSGHDL_NUMBER_OF_FORMULA_OBJECTS" Unit="cPublic" Value="__CALL_MAXNUMBER_OF_FORMULAS" />
      <Constant AllowZeroValue="" Name="LMSGHDL_NUMBER_OF_MEASURING_INPUTS" Unit="cPublic" Value="__CALL_MAXNUMBER_OF_MEASURESWITCHES" />
      <Constant AllowZeroValue="" Name="LMSGHDL_NUMBER_OF_OUTPUT_CAMS" Unit="cPublic" Value="__CALL_MAXNUMBER_OF_OUTPUTCAMS" />
      <Constant AllowZeroValue="" Name="LMSGHDL_NUMBER_OF_SENSORS" Unit="cPublic" Value="__CALL_MAXNUMBER_OF_SENSORS" />
      <Constant AllowZeroValue="" Name="LMSGHDL_NUMBER_OF_TEMPERATURE_CONTROLLERS" Unit="cPublic" Value="__CALL_MAXNUMBER_OF_TEMPERATURE_CONTROLLERS" />
      <Constant AllowZeroValue="" Name="LMSGHDL_MAX_NUMBER_OF_SYSTEM_TASKS" Unit="cPublic" Value="__CALL_MAXNUMBER_OF_SYSTEM_TASKS" />
      <Constant AllowZeroValue="" Name="LMSGHDL_NUMBER_OF_FOLLOWING_OBJECTS" Unit="cPublic" Value="__CALL_MAXNUMBER_OF_GEARS" />
      <Constant AllowZeroValue="" Name="LMSGHDL_NUMBER_OF_PATH_OBJECTS" Unit="cPublic" Value="__CALL_MAXNUMBER_OF_PATH_OBJECTS" />
      <Constant AllowZeroValue="" Name="LMSGHDL_NUMBER_OF_ADDITION_OBJECTS" Unit="cPublic" Value="__CALL_MAXNUMBER_OF_ADDERS" />
      <Constant AllowZeroValue="" Name="LMSGHDL_NUMBER_OF_TOS_WITH_DO" Unit="cPublic" Value="__CALL_MAXNUMBER_OF_TOS_WITH_DO" />
      <Constant AllowZeroValue="" Name="LMSGHDL_NUMBER_OF_CYCLIC_DOS" Unit="cPublic" Value="__CALL_MAXNUMBER_OF_CYCLIC_DOS" />
      <Constant AllowZeroValue="" Name="LMSGHDL_NUMBER_OF_ACYCLIC_DOS" Unit="cPublic" Value="__CALL_MAXNUMBER_OF_NON_CYCLIC_DOS" />
      <Constant AllowZeroValue="" Name="LMSGHDL_NUMBER_OF_PERIPHERAL_DEVICES" Unit="cPublic" Value="__CALL_MAXNUMBER_OF_PERIPHERAL_DEVICES" />
      <Constant AllowZeroValue="" Name="LMSGHDL_LENGTH_OF_MESSAGE_LOG" Unit="cPublic" Value="200" />
      <Constant AllowZeroValue="" Name="LMSGHDL_LENGTH_OF_ACTIVE_MESSAGES" Unit="cPublic" Value="100" />
      <TechnologyPackage Device="" PackageType="automatic" Version="" />
    </ImportLib>
    <DeleteLibUnitDefine Library="LMsgHdl" Unit="cPublic">
      <Define Name="LMSGHDL_TP_CAM" />
      <Define Name="LMSGHDL_TP_PATH" />
      <Define Name="LMSGHDL_TP_CAM_EXT" />
      <Define Name="LMSGHDL_TP_TCONTROL" />
    </DeleteLibUnitDefine>
    <SetAutoTPLibUnitDefine Library="LMsgHdl" TPCAM="LMSGHDL_TP_CAM" TPCAMEXT="LMSGHDL_TP_CAM_EXT" TPPATH="LMSGHDL_TP_PATH" TPTCONTROL="LMSGHDL_TP_TCONTROL" Unit="cPublic" />
    <SetAutoTPLibUnitDefine Library="LMsgHdl" TPCAM="LMSGHDL_TP_CAM" TPCAMEXT="LMSGHDL_TP_CAM_EXT" TPPATH="LMSGHDL_TP_PATH" TPTCONTROL="LMSGHDL_TP_TCONTROL" Unit="cProtected" />
    <SetAutoTPLibUnitDefine Library="LMsgHdl" TPCAM="LMSGHDL_TP_CAM" TPCAMEXT="LMSGHDL_TP_CAM_EXT" TPPATH="LMSGHDL_TP_PATH" TPTCONTROL="LMSGHDL_TP_TCONTROL" Unit="aVersion" />
    <SetAutoTPLibUnitDefine Library="LMsgHdl" TPCAM="LMSGHDL_TP_CAM" TPCAMEXT="LMSGHDL_TP_CAM_EXT" TPPATH="LMSGHDL_TP_PATH" TPTCONTROL="LMSGHDL_TP_TCONTROL" Unit="dProtected" />
    <SetAutoTPLibUnitDefine Library="LMsgHdl" TPCAM="LMSGHDL_TP_CAM" TPCAMEXT="LMSGHDL_TP_CAM_EXT" TPPATH="LMSGHDL_TP_PATH" TPTCONTROL="LMSGHDL_TP_TCONTROL" Unit="dStringGlob" />
    <SetAutoTPLibUnitDefine Library="LMsgHdl" TPCAM="LMSGHDL_TP_CAM" TPCAMEXT="LMSGHDL_TP_CAM_EXT" TPPATH="LMSGHDL_TP_PATH" TPTCONTROL="LMSGHDL_TP_TCONTROL" Unit="fMsgGlob" />
    <SetAutoTPLibUnitDefine Library="LMsgHdl" TPCAM="LMSGHDL_TP_CAM" TPCAMEXT="LMSGHDL_TP_CAM_EXT" TPPATH="LMSGHDL_TP_PATH" TPTCONTROL="LMSGHDL_TP_TCONTROL" Unit="fMsgHdl" />
    <SetAutoTPLibUnitDefine Library="LMsgHdl" TPCAM="LMSGHDL_TP_CAM" TPCAMEXT="LMSGHDL_TP_CAM_EXT" TPPATH="LMSGHDL_TP_PATH" TPTCONTROL="LMSGHDL_TP_TCONTROL" Unit="fSysTasks" />
    <SetLibUnitDefine Define="LMSGHDL_D410_CPU" Library="LMsgHdl" Unit="dStringGlob" />
  </ProjectInformation>
  <FTPTransferInformation IPAddress="192.168.9.84" LocalPath="SIMOTION\EquipmentModules\V4_4\MachineEnergyAcquisition\Data\Card_Files\HMI\FILES" ServerPath="\USER\SIMOTION\HMI\FILES" />
  <FTPTransferInformation IPAddress="192.168.9.84" LocalPath="SIMOTION\SIMOTION_IT\V4_4" ServerPath="\USER\SIMOTION\HMI\FILES" />
  <FTPTransferInformation IPAddress="192.168.9.84" LocalPath="SIMOTION\EquipmentModules\V4_4\Messagehandling_LMsgHdl\Data\Card_Files\HMI\FILES" ServerPath="\USER\SIMOTION\HMI\FILES" />
  <FTPTransferInformation IPAddress="192.168.9.84" LocalPath="SIMOTION\EquipmentModules\V4_4\Messagehandling_LMsgHdl\Data\Card_Files\USER_DIR" ServerPath="\USER\SIMOTION\USER_DIR" />
  <FTPTransferInformation IPAddress="192.168.9.84" LocalPath="SIMOTION\EquipmentModules\V4_4\StartupCheck\Data\Card_Files\HMI\FILES" ServerPath="\USER\SIMOTION\HMI\FILES" />
</ImportCommands>