<?xml version="1.0"?>
<TopologieFile Version="V5.6" NextFreeID="257"><Step7Diagnose/><WiringTypes><WiringType ID="1" Name="Copper" Class="0"/><WiringType ID="34" Name="Lichtwellenleiter" Class="5"/><WiringType ID="35" Name="Lichtwellenleiter" Class="26"/><WiringType ID="36" Name="Lichtwellenleiter" Class="1"/><WiringType ID="37" Name="Lichtwellenleiter" Class="10"/><WiringType ID="38" Name="Lichtwellenleiter" Class="18"/><WiringType ID="39" Name="Lichtwellenleiter" Class="13"/><WiringType ID="40" Name="Lichtwellenleiter" Class="46"/><WiringType ID="41" Name="Lichtwellenleiter" Class="54"/><WiringType ID="42" Name="Lichtwellenleiter" Class="24"/><WiringType ID="43" Name="Lichtwellenleiter" Class="99"/></WiringTypes><Project ID="2" Name="DS001_201022_1042_V2_04T" ProjPath="C:\Program Files (x86)\SIEMENS\Step7\s7proj\DS001__2" EnvID="180" EnvType="1122305"><UserSettings><GraphLayout InitialPosLeft="-133" InitialPosRight="163" InitialPosTop="-175" InitialPosBottom="7" SliderPos="10"/><WindowSettings ShowDeltaList="1" ShowCatalogList="1" InOnlineMode="1" SortedColumn="0" WndPosSize="508;208;904;623" TableFilter="0" ShowStationName="1" Unit="m" CycleInterval="m" SelectionIDs="5;"/><WallpaperList/><GroupList/><DiscoverySettings ICMPSearch="0" DNSLookup="0" ICMPSearchNoDCP="0" LLDPForwarding="1" BridgeMib="0" StartIPRange="169.254.0.0" EndIPRange="169.254.255.255"/><OptionsSettings MiniatureAndCatalogView="1" StationsAndModuleView="0" NodesListView="1"/><ColumnSettings OfflineColumns="Name;Partner;LengthOffline;Length;SignalTime;Comment;Subnet;IPAddress;" OnlineColumns="Name;State;Partner;LengthOffline;LengthOnline;Damping;Length;SignalTime;Comment;Subnet;IPAddress;"/></UserSettings><AvailableSubnetsStep7><Subnet ID="3" Name="Ethernet(2)"/><Subnet ID="4" Name="Ethernet(1)"/></AvailableSubnetsStep7><AvailableDeviceTypesStep7><DeviceType ID="6" ObjType="1332483" Webable="1"><GraphLayout BitMapPath="pgpc.bmp"/></DeviceType><DeviceType ID="10" ObjType="19794166" Webable="1" Name="D435"><InterfaceType ID="14" ObjType="19794192"><PortType WiringTypeRefId="1" ID="16" ObjType="19794209"/></InterfaceType></DeviceType><DeviceType ID="12" ObjType="1314969"><GraphLayout BitMapPath="simatic300.bmp"/></DeviceType><DeviceType ID="20" ObjType="19799129" Webable="1" Name="S120xCU320x2xPN"><GraphLayout BitMapPath=".\s7data\nsbmp\u7ts120.bmp"/><InterfaceType ID="22" ObjType="19799130"><PortType WiringTypeRefId="1" ID="24" ObjType="19799087"/><PortType WiringTypeRefId="1" ID="27" ObjType="19799088"/></InterfaceType></DeviceType><DeviceType ID="29" ObjType="19798119" Webable="1" Name="HMI IE"/><DeviceType ID="31" ObjType="19798113"><GraphLayout BitMapPath="simatic400.bmp"/><InterfaceType ID="45" ObjType="1335378"/></DeviceType></AvailableDeviceTypesStep7><UsedDevicesStep7><Device ID="11" Name="SIMOTION D" ObjID="1" IP="" DeviceTypeRefId="12"><GraphLayout XPos="8" YPos="-147" IsExpanded="1" IsDeactivated="0"/></Device><Device ID="9" Name="PNxIO(D435)" DiagHeader="1" ObjID="11" IP="192.168.6.2" DeviceTypeRefId="10" StationRefId="11" StationPos="2" SubnetRefId="3" SupportRTClass3="1" RTClass3Type="IRT" PNControllerRefId="9" DeviceNo="0" Station="SIMOTION D" IsInterface="1" FWVersion="V4.4" IRTDomain="syncdomain-default" IRTMaster="1" DeviceID="2752771" MLFB="6AU1435-2AD00-0AA0"><Interface ID="13" Name="D435" ObjID="7" InterfaceTypeRefId="14"><Port ID="15" SlotNr="1" Name="Port 1 (X150 P1 R)" PortTypeRefId="16" ConnectionRefId="25" ObjID="13" IsRingCapable="1" IsPortAssigned="0"/><Port ID="17" SlotNr="2" Name="Port 2 (X150 P2 R)" PortTypeRefId="16" ObjID="14" IsRingCapable="1" IsPortAssigned="0"/><Port ID="18" SlotNr="3" Name="Port 3 (X150 P3)" PortTypeRefId="16" ObjID="15" IsPortAssigned="0"/></Interface></Device><Device ID="30" Name="SIMATIC HMI Station(2)" ObjID="3" IP="" DeviceTypeRefId="31"><GraphLayout XPos="-69" YPos="-122" IsExpanded="1" IsDeactivated="0"/><Interface ID="44" Name="Stationmanager" ObjID="6" InterfaceTypeRefId="45" ODString="00146052, 00000006, 00000000, 00000000, 00112001, 000000b4, 00000000"/></Device><Device ID="28" Name="HMI IE" ObjID="6" IP="192.168.7.5" DeviceTypeRefId="29" StationRefId="30" StationPos="5" SubnetRefId="4" DeviceNo="0" Station="SIMATIC HMI Station(2)" DeviceID="0" MLFB="IE_CP"><Interface ID="32"><Port ID="33" SlotNr="1" Name="Default port" WiringTypeRefId="1" IsPortAssigned="0"/></Interface></Device><Device ID="5" Name="PG/PC(1)" ObjID="1" IP="192.168.0.79" DeviceTypeRefId="6" SubnetRefId="3" DeviceNo="0" Station="PG/PC(1)" DeviceID="0"><GraphLayout XPos="-69" YPos="-88" IsExpanded="1" IsDeactivated="0"/><Interface ID="7"><Port ID="8" SlotNr="1" Name="Default port" WiringTypeRefId="1" IsPortAssigned="0"/></Interface></Device><Device ID="19" Name="S120xCU320x2xPN" ObjID="1" IP="192.168.6.3" DeviceTypeRefId="20" SubnetRefId="3" SupportRTClass3="1" RTClass3Type="IRT" IsSharedDevice="1" IsHeadAssignment="0" PrimaryAssignment="1" PNControllerRefId="9" SubsystemID="100" DeviceNo="1" Station="SIMOTION D" FWVersion="V4.7" Type="SINAMICS" IRTDomain="syncdomain-default" IRTMaster="0" DeviceID="2753793" MLFB="6SL3040-1MA01-0Axx(CU320-2PN,S120)"><GraphLayout XPos="-69" YPos="-54" IsExpanded="1" IsDeactivated="0"/><Interface ID="21" Name="S120xCU320x2xPN" ObjID="2" InterfaceTypeRefId="22"><Port ID="23" SlotNr="1" Name="Port 1 (X150 P1 R)" PortTypeRefId="24" ConnectionRefId="25" ObjID="4" IsRingCapable="1" IsPortAssigned="1"/><Port ID="26" SlotNr="2" Name="Port 2 (X150 P2 R)" PortTypeRefId="27" ObjID="5" IsRingCapable="1" IsPortAssigned="1"/></Interface></Device></UsedDevicesStep7><ConnectionList><Connection ID="25" PortToPortLength="0" PortToPortDelay="10"><Comment></Comment></Connection></ConnectionList></Project></TopologieFile>
